<?xml version="1.0" encoding="UTF-8"?>
<project-private xmlns="http://www.netbeans.org/ns/project-private/1">
    <editor-bookmarks xmlns="http://www.netbeans.org/ns/editor-bookmarks/2" lastBookmarkId="1">
        <file>
            <url>src/Modelo/ClienteDAO.java</url>
            <bookmark id="1">
                <name/>
                <line>63</line>
                <key/>
            </bookmark>
        </file>
    </editor-bookmarks>
    <open-files xmlns="http://www.netbeans.org/ns/projectui-open-files/2">
        <group>
            <file>file:/C:/Users/Danib/Documents/DBT%204to%20Semestre/Tópicos%20de%20programación/Proyecto%20bakery/Pastelito_Feliz/Pastelito_Feliz/src/Vista/Sistema.java</file>
            <file>file:/C:/Users/Danib/Documents/DBT%204to%20Semestre/Tópicos%20de%20programación/Proyecto%20bakery/Pastelito_Feliz/Pastelito_Feliz/src/Modelo/LoginDAO.java</file>
            <file>file:/C:/Users/Danib/Documents/DBT%204to%20Semestre/Tópicos%20de%20programación/Proyecto%20bakery/Pastelito_Feliz/Pastelito_Feliz/src/Modelo/UsuarioDAO.java</file>
            <file>file:/C:/Users/Danib/Documents/DBT%204to%20Semestre/Tópicos%20de%20programación/Proyecto%20bakery/Pastelito_Feliz/Pastelito_Feliz/src/Modelo/Usuario.java</file>
        </group>
    </open-files>
</project-private>
